"","avg_p","binipolate","weighted_avg_p"
"growth_1973_2023","27.67446","29.60585","28.19735"
"growth_2019_2023","10.91864","13.65919","11.16751"
